<!DOCTYPE hibernate-mapping PUBLIC "-//Hibernate/Hibernate Mapping DTD 3.0//EN"
"http://hibernate.sourceforge.net/hibernate-mapping-3.0.dtd">  
 <hibernate-mapping>
 
 <class name="p.Teacher"   table="Test" discriminator-value="emp">
 
  <id name="TID">
  <generator class="assigned"></generator>
  </id>
 <discriminator column="type" type="string"></discriminator>

  <property name="TName"></property>
   <property name="Dept"></property>
 
 <subclass name="p.Dept" discriminator-value="department">
  <property name="DID"></property>
   <property name="Dname"></property>
   </subclass>
   
    <subclass name="p.Course" discriminator-value="course">
  <property name="CID"></property>
   <property name="Cname"></property>
   </subclass>
</class>
</hibernate-mapping>