<?xml version="1.0" encoding="UTF-8"?>
<beans  
    xmlns="http://www.springframework.org/schema/beans"  
    xmlns:xsi="http://www.w3.org/2001/XMLSchema-instance"  
    xmlns:p="http://www.springframework.org/schema/p"  
    xsi:schemaLocation="http://www.springframework.org/schema/beans  
               http://www.springframework.org/schema/beans/spring-beans-3.0.xsd">  
               
               
<bean id="a1" class="p.Answer">  
<property name="id" value="01"></property> 
<property name="name" value="Programming lang "></property> 
<property name="by" value="abc"></property> 
</bean>  
<bean id="a2" class="p.Answer">  
<property name="id" value="02"></property> 
<property name="name" value="OOPs "></property> 
<property name="by" value="def"></property>
</bean>  
<bean id="q1" class="p.Question">  
<property name="id" value="01"></property> 
<property name="q" value="What is java?"></property> 
<property name="ans">
<list>
<ref bean="a1"/>
<ref bean="a2"/>
</list>
</property>
</bean>   
</beans>  